['In the last 10 minutes',
 'The Surprising Benefits Of ‘Microbreaks’ For Engagement, Productivity And Career Success Forbes17:47',
 'In the last half-hour',
 'Hauliers arriving in England to be tested for coronavirus Irish Examiner17:30',
 'Stocks Could Be At A Crossroads Forbes17:28',
 'Codorníu uncorks automation Retail Technology17:28', 
'In the last hour',
 "Venezuela accuses Facebook of 'digital totalitarianism' for suspending Maduro Reuters17:21",
 'Suez Canal: Syria rations fuel as efforts to free ship continue Yahoo! UK & Ireland17:17',
 'Britain’s oldest lock maker could change hands for more than £2bn Private Equity Insights17:15',
 'For Atlanta Shooting Victims, American Life Was Often a Lonely Struggle The Wall Street Journal17:12',
 'Markets Week Ahead: Nasdaq 100, US Dollar, Gold, Crude Oil, Fed Ends SLR Exemption, NFPs Daily FX17:10',
 'Spark of genius: Drones being used to detect forest fires early Irish Examiner17:09', 
'Altcoins Of The Week: ANKR, DENT, BTMX BeInCrypto17:08',
 'Benjamin Reynolds ordered to pay $571 million for Bitcoin trading scheme FinanceFeeds17:08',
 'What Happened To Spanish LCC Clickair? Simple Flying17:07',
 'German union calls four-day strike at Amazon sites ahead of Easter Reuters17:07',
 'Bitcoin Cash Price Prediction: BCH/USD Crashes Hard; Price Settles Below $500 Inside Bitcoins17:04',
 'Fintech Geidea Receives Saudi Banking License, the First Non-Bank to do so The Fintech Times17:03',
 'Suez Canal Ship Had Another Accident in 2019, Colliding With a Ferry The Wall Street Journal17:00',
 'In the last 2 hours',
 "'We already pre-screen customers' - Hairdressers propose reopening for vaccinated people BreakingNews.ie16:52",
 "Ireland's premier energy provider partners with the CIPD to raise the capability, credibility and impact of its people… People Management16:40",
 "Ask Larry: How Will Taking Social Security Spousal Benefits At 62 Affect My Wife's Benefit Rate? Forbes16:39",
 "In defence of the SNP's record in power The Guardian16:39", 'The First Step For Successful Personal Branding Forbes16:35',
 'Deliveroo investors urged to push worker rights ahead of £8.8bn IPO The Independent16:33',
 'EI-Technologies MENA Steps up Its Regional Footprint in the MENA Region The Fintech Times16:22',
 'New York’s Reopening Draws Back Families, Buying Larger Spaces The Wall Street Journal16:19',
 'Blinken says finishing Nord Stream 2 pipeline ultimately up to builders Reuters16:15',
 'Do You Feel Like You’re Failing At Your Job? Forbes16:15',
 'Predictions From Top Residential Real Estate Authority Dottie Herman, CEO Douglas Elliman Forbes16:15',
 'Goldman Sachs has eyes on Bailey Nelson funding round Private Equity Insights16:14',
 'Litecoin Price Prediction: A Rebound May Surface as LTC/USD Trades Below $185 Inside Bitcoins16:14',
 'What keeps the DAFM’s top officials awake at night? Irish Examiner16:08',
 'Stocks This Week: Buy IBM And The Financial Select Sector SPDR Fund (XLE) Forbes16:07',
 'Copper Futures Jump On Strong Chinese Demand OilPrice.com16:06', 'Rent or buy: how to make the right choice Motley Fool (UK)16:01',
 'Renews calls for inquiry into David Cameron’s ties with banker ITV15:59',
 'In the last 4 hours',
 'Myanmar Protesters Return After Security Forces Kill 90 People The Wall Street Journal15:47',
 "London trader Stratton to sell First Cobalt's refinery output in five-year deal Reuters15:46",
 'Retail DeFi Investors pick WINk over Ethereum Inside Bitcoins15:43',
 'Bitcoin on the Back of the Envelope: up 63% in April BeInCrypto15:37',
 'A Second Crypto Warning issued by the FSCA Inside Bitcoins15:33',
 'Filecoin investors face uncertainty despite 70% growth Inside Bitcoins15:33',
 'Warm on words but cold on substance – the UK recovery plan is a mess The Guardian15:32',
 'Amazon certified as Top Employer in Italy, Spain and France Tamebay15:29',
 'Blinken says up to Nord Stream 2 builders whether to finish pipeline Reuters15:26',
 '3 cheap dividend stocks I’d buy now Motley Fool (UK)15:20',
 "Those Cosmic Wings You Had Delivered Are From Applebee's The Wall Street Journal15:14",
 'Online Stock Trading Groups Aren’t New, But They Are Bigger And More Influential Than Ever Forbes15:14',
 'Bring Them Back: Six PEARLS To Get Moms Back To Work On Their Terms Forbes15:14',
 'Pandemic Accelerates Retirements, Threatening Economic Growth The Wall Street Journal15:10',
 'This Tech CEO Dishes Out Life Advice to His Employees’ Children The Wall Street Journal15:09',
 'Liberty Steel bailout plea turned down BBC15:09', 
'Bord Bia puts food firms on Pathway to Net Zero Irish Examiner15:07',
 'NRA to Aggressively Lobby Against Gun Measures, Despite Money Woes The Wall Street Journal15:07',
 'Ryanair’s Turboprop Days – When And Why The Airline Flew Them Simple Flying15:05',
 'Why The Business Community Must Support Public Health Forbes15:04',
 "What you need to know about the state's return to classrooms after a year of remote learning The Seattle Times15:03",
 'Two more tugboats join effort to free Ever Given stuck in Suez Canal The Independent14:53',
 'The media is slashing jobs again as the Trump news cycle fades and the economy struggles CNN Money14:51',
 'Nigel Farage appointed to advisory board of green finance firm The Guardian14:50',
 'New Age of Chinese Nationalism Threatens Supply Chains The Wall Street Journal14:34',
 'Microsoft launches v1 of ION, an identity platform on BTC’s mainnet Invezz14:27',
 '‘A kick in the teeth’ / British Gas engineers face losing their jobs or longer working hours The Guardian14:27',
 'Five hotel sales in the first quarter point to increased activity Irish Examiner14:27',
 'TAP Air Portugal Flies First Cancun Flight With An Airbus A330neo Simple Flying14:24',
 'Wall St Week Ahead-Investors look to utilities to weather any market rout Reuters14:20',
 'Biden to Push Child-Care Spending The Wall Street Journal14:17',
 'The Story of Amazon’s Fuel-Cell Supplier Explains Crazy Market The Wall Street Journal14:16',
 "UK's CBD market faces reckoning Yahoo! UK & Ireland14:14",
 'Platinum Equity to Wrap $4 Billion Sale Private Equity Insights14:12',
 'Episode 25: Financial Inclusion & the Unbanked The Fintech Times14:09',
 'When is the best time to buy a house? Motley Fool (UK)14:08',
 'Growth investing: 5 UK shares to buy Motley Fool (UK)14:08',
 'NPWS Scheme expands to 300 farms Irish Examiner14:07',
 'In Derek Chauvin’s Trial, Sides Likely to Clash Over Video The Wall Street Journal14:06',
 'World Bank re-engages with Sudan following arrears clearance Reuters14:05',
 'Allianz Insurance exposed to BI claims through broker wordings Insurance Times13:57',
 "British ministers reject Sanjeev Gupta's bailout plea - FT Reuters13:55",
 'In the last 6 hours', 'Ardian’s Burghardt Believes in Deal in Veolia-Suez Standoff Private Equity Insights13:52',
 'How Can You Tell Which Country An Aircraft Is Registered In? Simple Flying13:43',
 'How To Make Faster Decisions In Your Team Meetings Forbes13:42',
 'Movie Theater’s Going Broke? From China’s AMC To Russian Majors, A Global Bloodletting Forbes13:35',
 'Bitcoin Price Prediction: BTC/USD Touches $56,000 Resistance; Bulls May Re-gather Inside Bitcoins13:21',
 'Davy and tracker scandal reveal toxic culture at heart of Irish financial system The Irish Times13:17',
 'Hauliers face new COVID rules in England as Heathrow seeks holiday easing Reuters13:17',
 'Failure to reform State pension age could cost up to €50bn The Irish Times13:16',
 'High Tide in Suez Canal Raises Hopes of Freeing Cargo Ship The Wall Street Journal13:12',
 'Did Your Job Description Go Out the Window During the Pandemic? The Wall Street Journal13:06',
 'What Covid-19 Taught Us About Telemedicine The Wall Street Journal13:06',
 'Will Dow Jones Continue to Outperform Nasdaq 100 on Reflation Optimism? Daily FX13:06',
 '‘Last Mile’ Hubs Raise Concerns in Brooklyn Neighborhood The Wall Street Journal13:05',
 'Musk Effect #2 May Be a Serious One BeInCrypto13:05',
 "Miranda Sawyer on podcasts and radio / Radio roadshow: the Beeb's big move away from London The Guardian13:04",
 'Five Ways To Make Work From Home Employees Love Their Company And Their Jobs Forbes13:02',
 'Late Work: From Recreation To Re-Creation Forbes13:02',
 "Netflix and Amazon gave Indian filmmakers hope. That's turning to fear CNN Money12:59",
 "Opinion: We can't suspend evictions and foreclosures forever CNN Money12:59",
 "Atlantia to get sweetener in CDP-led consortium's bid for Autostrade stake: sources Reuters12:58",
 "Atlantia to get sweetener in CDP-led consortium's bid for Autostrade stake - sources Reuters12:54",
 'BCC welcomes government announcement of the provision of rapid at-home test kits for firms British Chambers of Commerce (Press Release)12:53',
 'Bond Bulls Charge Ahead, Challenging Consensus on Yields The Wall Street Journal12:52',
 'YouTuber converts his Nintendo Game Boy into a bitcoin miner Finance in Bold12:49',
 'Airbnb and Vrbo are overloaded with reservations CNN12:49',
 'Sunday newspaper round-up: Moderna, Asda, Summer holidays London South East12:43',
 'Webinar: New features in RegioGraph 2021 GfK12:39',
 'How do we avoid a drop in milk solids over the coming weeks? Irish Examiner12:35',
 'Need Amid Plenty: Richest US Counties Are Overwhelmed by Surge in Child Hunger naked capitalism12:30',
 'SBCI in talks with European fund that could enable €330m The Irish Independent12:26',
 'Labour Court tells DAA to start process to restore craft workers’ pay The Irish Independent12:26',
 'Tips For 2020 Tax Returns With IRA Distributions Forbes12:23',
 'This is what I’d do about the GGP share price Motley Fool (UK)12:16',
 'Egypt’s president orders operation to lift cargo from Suez Canal ship The Independent12:08',
 'Elon Musk Likes This EV Battery and It Costs Less—but the U.S. Isn’t Sold on It The Wall Street Journal12:05',
 'U.S. Isn’t Ready to Lift China Tariffs, New Trade Representative Says The Wall Street Journal12:04',
 'Inherited property came with a loan attached The Irish Times12:03',
 'MPs call for crackdown on tech firms profiting from pensions scams Yahoo! UK & Ireland12:01',
 'view more headlines',
 '28 Mar 17:47']
